Date,Name,Year,Letterboxd URI
2024-04-03,Barbie,2023,https://boxd.it/bCLK
2024-04-03,Parasite,2019,https://boxd.it/hTha
2024-04-03,Everything Everywhere All at Once,2022,https://boxd.it/jUk4
2024-04-03,Oppenheimer,2023,https://boxd.it/wUow
2024-04-03,La La Land,2016,https://boxd.it/a5fa
2024-04-03,Joker,2019,https://boxd.it/h4cS
2024-04-03,Spider-Man: Into the Spider-Verse,2018,https://boxd.it/azpY
2024-04-03,The Batman,2022,https://boxd.it/eDGs
2024-04-03,Knives Out,2019,https://boxd.it/jWEA
2024-04-03,Get Out,2017,https://boxd.it/eOCm
2024-04-03,Spider-Man: Across the Spider-Verse,2023,https://boxd.it/kSz4
2024-04-03,Spider-Man: No Way Home,2021,https://boxd.it/nwRw
2024-04-03,Spirited Away,2001,https://boxd.it/2b4m
2024-04-03,Forrest Gump,1994,https://boxd.it/728
2024-04-03,Avengers: Infinity War,2018,https://boxd.it/9vEe
2024-04-03,Glass Onion,2022,https://boxd.it/oCkK
2024-04-03,Avengers: Endgame,2019,https://boxd.it/9vE4
2024-04-03,Hereditary,2018,https://boxd.it/hNVe
2024-04-03,Nope,2022,https://boxd.it/sDCe
2024-04-03,Ratatouille,2007,https://boxd.it/27ww
2024-04-03,Black Panther,2018,https://boxd.it/8MHs
2024-04-03,Guardians of the Galaxy,2014,https://boxd.it/3VH2
2024-04-03,Late Night with the Devil,2023,https://boxd.it/zo6G
2024-07-31,The Silence of the Lambs,1991,https://boxd.it/2aHW
2025-01-31,Interstellar,2014,https://boxd.it/4VZ8
