Date,Name,Year,Letterboxd URI,Rating,Rewatch,Tags,Watched Date
2024-04-03,Late Night with the Devil,2023,https://boxd.it/6cx9tj,4.5,,,2024-04-03
2024-04-10,Dune: Part Two,2024,https://boxd.it/6fxxP1,4.5,,,2024-04-10
2024-04-10,Dune,2021,https://boxd.it/6fxxX5,4,,,2024-04-10
2024-05-27,Mai,2024,https://boxd.it/6yCE6N,3.5,,,2024-05-27
2024-07-31,The Silence of the Lambs,1991,https://boxd.it/700YrH,4.5,,,2024-07-30
2024-08-26,Deadpool & Wolverine,2024,https://boxd.it/7bI1JT,2.5,,,2024-08-25
2025-01-31,Interstellar,2014,https://boxd.it/8FVOWV,4.5,,,2025-01-30
2025-02-03,Scott Pilgrim vs. the World,2010,https://boxd.it/8ICNO1,4,,,2025-02-02
2025-02-06,Whiplash,2014,https://boxd.it/8KsKDx,4.5,,,2025-02-06
2025-02-06,The Dark Knight,2008,https://boxd.it/8KsNid,4.5,,,2025-02-06
2025-03-22,The Lighthouse,2019,https://boxd.it/9c3a6f,3.5,,,2025-03-21
