Date,Name,Year,Letterboxd URI,Rating
2024-04-03,Barbie,2023,https://boxd.it/bCLK,4.5
2024-04-03,Parasite,2019,https://boxd.it/hTha,5
2024-04-03,Everything Everywhere All at Once,2022,https://boxd.it/jUk4,5
2024-04-03,Oppenheimer,2023,https://boxd.it/wUow,4.5
2024-04-03,La La Land,2016,https://boxd.it/a5fa,5
2024-04-03,Joker,2019,https://boxd.it/h4cS,4
2024-04-03,Spider-Man: Into the Spider-Verse,2018,https://boxd.it/azpY,5
2024-04-03,The Batman,2022,https://boxd.it/eDGs,4
2024-04-03,Knives Out,2019,https://boxd.it/jWEA,4.5
2024-04-03,Get Out,2017,https://boxd.it/eOCm,4
2024-04-03,Spider-Man: Across the Spider-Verse,2023,https://boxd.it/kSz4,5
2024-04-03,Spider-Man: No Way Home,2021,https://boxd.it/nwRw,4
2024-04-03,Spirited Away,2001,https://boxd.it/2b4m,4
2024-04-03,Forrest Gump,1994,https://boxd.it/728,4
2024-04-03,Avengers: Infinity War,2018,https://boxd.it/9vEe,4
2024-04-03,Glass Onion,2022,https://boxd.it/oCkK,4
2024-04-03,Avengers: Endgame,2019,https://boxd.it/9vE4,4.5
2024-04-03,Hereditary,2018,https://boxd.it/hNVe,4
2024-04-03,Nope,2022,https://boxd.it/sDCe,3.5
2024-04-03,Ratatouille,2007,https://boxd.it/27ww,4.5
2024-04-03,Black Panther,2018,https://boxd.it/8MHs,4
2024-04-03,Guardians of the Galaxy,2014,https://boxd.it/3VH2,4.5
2024-04-03,Late Night with the Devil,2023,https://boxd.it/zo6G,4.5
2024-04-10,Dune: Part Two,2024,https://boxd.it/pUfA,4.5
2024-04-10,Dune,2021,https://boxd.it/fA7G,4
2024-05-27,Mai,2024,https://boxd.it/JXh0,3.5
2024-07-31,The Silence of the Lambs,1991,https://boxd.it/2aHW,4.5
2024-08-26,Deadpool & Wolverine,2024,https://boxd.it/jq8s,2.5
2025-01-31,Interstellar,2014,https://boxd.it/4VZ8,4.5
2025-02-03,Scott Pilgrim vs. the World,2010,https://boxd.it/1Aq6,4
2025-02-06,Inside Out 2,2024,https://boxd.it/CFrC,3.5
2025-02-06,Whiplash,2014,https://boxd.it/7bQA,4.5
2025-02-06,The Dark Knight,2008,https://boxd.it/2b0k,4.5
2025-02-06,The Wild Robot,2024,https://boxd.it/IWFy,4.5
2025-03-22,The Lighthouse,2019,https://boxd.it/icFU,3.5
