Date,Name,Year,Letterboxd URI,Rating,Rewatch,Review,Tags,Watched Date
2024-04-03,Late Night with the Devil,2023,https://boxd.it/6cx9tj,4.5,,It was a very fun watch and fit the aesthetic of 70’s tv show mixed in with found footage. Wasn’t too scary either but it really packs one hell of a punch when it is ready to. The ending really had me thinking,,2024-04-03
2024-05-27,Mai,2024,https://boxd.it/6yCE6N,3.5,,"Very fun watch and it was enjoyable coming from someone with a Vietnamese background. I really enjoyed the chemistry between the two leads and the conflict that arises from the two. I appreciate the film going towards a different direction when dealing with the cliche conflict. I do feel like some things could’ve been longer to make things more emotional like the conversation the two have before the cut. Overall though, it’s a great watch and I highly recommend it to people!",,2024-05-27
2024-07-31,The Silence of the Lambs,1991,https://boxd.it/700YrH,4.5,,"I thought The Silence of the Lambs was very enjoyable movie that is paced well, had a great protagonist in Clarice, and a terrifying “villain” in Hannibal. Granted, it’s taken me way too long to watch this classic, but I’m glad that I finally gotten able to. Being able to see how Demme utilizes the camera to create a sense of uneasiness is such a delight. The acting all around is so great, especially from Anthony Hopkins. I want to talk about that third act sequence as it was definitely one of the most tense third acts I have seen in recent history. Overall, a great watch and I’m glad to have finally seen this classic",,2024-07-30
2024-08-26,Deadpool & Wolverine,2024,https://boxd.it/7bI1JT,2.5,,I thought the movie was just alright. I think the humor is pretty hit or miss as it’s still reminiscent of humor back in 2016’s. Wolverine was pretty cool to see and I liked his inclusion but everything else just seemed like a cameo for the sake of cameo.,,2024-08-25
2025-01-31,Interstellar,2014,https://boxd.it/8FVOWV,4.5,,Now I understand why the typical bro loves this movie,,2025-01-30
2025-02-03,Scott Pilgrim vs. the World,2010,https://boxd.it/8ICNO1,4,,"I know for a fact that if I watched this earlier in my life, I’d be quoting the fuck out of this movie and pretend to be super cool.",,2025-02-02
2025-02-06,Whiplash,2014,https://boxd.it/8KsKDx,4.5,,You either die a hero or live long enough to be a villain,,2025-02-06
2025-02-06,The Dark Knight,2008,https://boxd.it/8KsNid,4.5,,Every 5 minutes I point at my screen since there is a meme line,,2025-02-06
2025-03-22,The Lighthouse,2019,https://boxd.it/9c3a6f,3.5,,Freaky af,,2025-03-21
