Date,Name,Year,Letterboxd URI
2024-04-03,Fight Club,1999,https://boxd.it/2a9q
2024-04-03,Midsommar,2019,https://boxd.it/jhxe
2024-04-03,The Shining,1980,https://boxd.it/29Nu
2024-04-03,Inglourious Basterds,2009,https://boxd.it/1JzG
2024-04-03,Se7en,1995,https://boxd.it/29zs
2024-04-03,Jojo Rabbit,2019,https://boxd.it/iEBG
2024-05-28,The Iron Claw,2023,https://boxd.it/w5Pm
2025-01-31,Anora,2024,https://boxd.it/Egcw
2025-02-06,Challengers,2024,https://boxd.it/zld0
2025-02-06,Wicked,2024,https://boxd.it/e8ME
2025-02-06,Dead Poets Society,1989,https://boxd.it/2aSg
2025-02-06,The Truman Show,1998,https://boxd.it/18U8
2025-02-06,Arrival,2016,https://boxd.it/aNGk
2025-02-06,12 Angry Men,1957,https://boxd.it/2auI
2025-02-06,The Shawshank Redemption,1994,https://boxd.it/2aHi
2025-02-06,No Country for Old Men,2007,https://boxd.it/21ew
